{"cameraMode":{"drawMode":0,"name":"Shaded","section":"Shading Mode"},"sceneLighting":false,"audioPlay":false,"sceneViewState":{"showFog":true,"showMaterialUpdate":false,"showSkybox":true,"showFlares":true,"showImageEffects":true,"showParticleSystems":true},"in2DMode":false,"pivot":{"x":45.78876876831055,"y":0.5488084554672241,"z":45.172027587890628},"rotation":{"x":0.08291713148355484,"y":0.89173424243927,"z":-0.21408478915691377,"w":0.3900032937526703},"size":6.044902801513672,"orthographic":false}