{"cameraMode":{"drawMode":0,"name":"Shaded","section":"Shading Mode"},"sceneLighting":false,"audioPlay":false,"sceneViewState":{"showFog":true,"showMaterialUpdate":false,"showSkybox":true,"showFlares":true,"showImageEffects":true,"showParticleSystems":true},"in2DMode":false,"pivot":{"x":-0.013361886143684388,"y":-0.03755947947502136,"z":-0.013641119003295899},"rotation":{"x":0.06376302242279053,"y":-0.042431071400642398,"z":-0.006868372205644846,"w":0.9970390200614929},"size":1.5397738218307496,"orthographic":false}