{"cameraMode":{"drawMode":0,"name":"Shaded","section":"Shading Mode"},"sceneLighting":false,"audioPlay":false,"sceneViewState":{"showFog":true,"showMaterialUpdate":false,"showSkybox":true,"showFlares":true,"showImageEffects":true,"showParticleSystems":true},"in2DMode":false,"pivot":{"x":46.380149841308597,"y":1.7174419164657593,"z":50.189998626708987},"rotation":{"x":-0.2633535861968994,"y":0.31312036514282229,"z":-0.09082265943288803,"w":-0.9079382419586182},"size":2.8056962490081789,"orthographic":false}