{"cameraMode":{"drawMode":0,"name":"Shaded","section":"Shading Mode"},"sceneLighting":false,"audioPlay":false,"sceneViewState":{"showFog":true,"showMaterialUpdate":false,"showSkybox":true,"showFlares":true,"showImageEffects":true,"showParticleSystems":true},"in2DMode":false,"pivot":{"x":-0.3163161277770996,"y":-0.2550220489501953,"z":3.654580593109131},"rotation":{"x":-0.40531617403030398,"y":-0.3684173822402954,"z":0.18290387094020844,"w":-0.8164151310920715},"size":3.7243871688842775,"orthographic":false}