{"cameraMode":{"drawMode":0,"name":"Shaded","section":"Shading Mode"},"sceneLighting":false,"audioPlay":false,"sceneViewState":{"showFog":true,"showMaterialUpdate":false,"showSkybox":true,"showFlares":true,"showImageEffects":true,"showParticleSystems":true},"in2DMode":false,"pivot":{"x":-7.828908920288086,"y":1.276923656463623,"z":-1.3623369932174683},"rotation":{"x":0.03863465040922165,"y":0.6930482983589172,"z":0.03724580258131027,"w":-0.7188909649848938},"size":6.93419885635376,"orthographic":false}