{"cameraMode":{"drawMode":0,"name":"Shaded","section":"Shading Mode"},"sceneLighting":false,"audioPlay":false,"sceneViewState":{"showFog":true,"showMaterialUpdate":false,"showSkybox":true,"showFlares":true,"showImageEffects":true,"showParticleSystems":true},"in2DMode":false,"pivot":{"x":-8.515698432922364,"y":-0.817482054233551,"z":-21.449798583984376},"rotation":{"x":-0.001037111389450729,"y":0.9988594055175781,"z":-0.025785906240344049,"w":-0.0401746891438961},"size":31.52577018737793,"orthographic":false}