{"cameraMode":{"drawMode":0,"name":"Shaded","section":"Shading Mode"},"sceneLighting":false,"audioPlay":false,"sceneViewState":{"showFog":true,"showMaterialUpdate":false,"showSkybox":true,"showFlares":true,"showImageEffects":true,"showParticleSystems":true},"in2DMode":false,"pivot":{"x":46.583290100097659,"y":1.8382068872451783,"z":46.11048126220703},"rotation":{"x":-0.3997499644756317,"y":-0.015950335189700128,"z":0.006957440637052059,"w":-0.9164590239524841},"size":2.8434882164001467,"orthographic":false}