{"cameraMode":{"drawMode":0,"name":"Shaded","section":"Shading Mode"},"sceneLighting":false,"audioPlay":false,"sceneViewState":{"showFog":true,"showMaterialUpdate":false,"showSkybox":true,"showFlares":true,"showImageEffects":true,"showParticleSystems":true},"in2DMode":false,"pivot":{"x":2.5999999046325685,"y":1.440000057220459,"z":14.489999771118164},"rotation":{"x":-0.19553911685943604,"y":0.004998584743589163,"z":-0.0009967085206881166,"w":-0.9806826710700989},"size":5.444900035858154,"orthographic":false}