{"cameraMode":{"drawMode":0,"name":"Shaded","section":"Shading Mode"},"sceneLighting":false,"audioPlay":false,"sceneViewState":{"showFog":true,"showMaterialUpdate":false,"showSkybox":true,"showFlares":true,"showImageEffects":true,"showParticleSystems":true},"in2DMode":false,"pivot":{"x":-0.07860183715820313,"y":2.104795455932617,"z":0.0},"rotation":{"x":-0.3997499644756317,"y":-0.015950335189700128,"z":0.006957440637052059,"w":-0.9164590239524841},"size":11.94318675994873,"orthographic":false}