{"cameraMode":{"drawMode":0,"name":"Shaded","section":"Shading Mode"},"sceneLighting":false,"audioPlay":false,"sceneViewState":{"showFog":true,"showMaterialUpdate":false,"showSkybox":true,"showFlares":true,"showImageEffects":true,"showParticleSystems":true},"in2DMode":false,"pivot":{"x":0.12638887763023377,"y":0.2600659132003784,"z":3.6320881843566896},"rotation":{"x":-0.3997499644756317,"y":-0.015950335189700128,"z":0.006957440637052059,"w":-0.9164590239524841},"size":2.2243874073028566,"orthographic":false}