{"cameraMode":{"drawMode":0,"name":"Shaded","section":"Shading Mode"},"sceneLighting":false,"audioPlay":false,"sceneViewState":{"showFog":true,"showMaterialUpdate":false,"showSkybox":true,"showFlares":true,"showImageEffects":true,"showParticleSystems":true},"in2DMode":false,"pivot":{"x":-2.6722118854522707,"y":1.0261471271514893,"z":-4.6947526931762699},"rotation":{"x":-0.0009723670082166791,"y":0.9558619856834412,"z":-0.00316357659175992,"w":-0.29379764199256899},"size":3.9748356342315676,"orthographic":false}