{"cameraMode":{"drawMode":0,"name":"Shaded","section":"Shading Mode"},"sceneLighting":false,"audioPlay":false,"sceneViewState":{"showFog":true,"showMaterialUpdate":false,"showSkybox":true,"showFlares":true,"showImageEffects":true,"showParticleSystems":true},"in2DMode":false,"pivot":{"x":0.21557927131652833,"y":-0.07355395704507828,"z":0.00387369841337204},"rotation":{"x":0.03600960597395897,"y":0.6545681953430176,"z":0.031240276992321016,"w":-0.7544984221458435},"size":2.6554758548736574,"orthographic":false}