{"cameraMode":{"drawMode":0,"name":"Shaded","section":"Shading Mode"},"sceneLighting":false,"audioPlay":false,"sceneViewState":{"showFog":true,"showMaterialUpdate":false,"showSkybox":true,"showFlares":true,"showImageEffects":true,"showParticleSystems":true},"in2DMode":false,"pivot":{"x":0.11720949411392212,"y":0.006060656160116196,"z":0.07355490326881409},"rotation":{"x":0.03600960597395897,"y":0.6545681953430176,"z":0.031240276992321016,"w":-0.7544984221458435},"size":1.2228472232818604,"orthographic":false}