{"cameraMode":{"drawMode":0,"name":"Shaded","section":"Shading Mode"},"sceneLighting":false,"audioPlay":false,"sceneViewState":{"showFog":true,"showMaterialUpdate":false,"showSkybox":true,"showFlares":true,"showImageEffects":true,"showParticleSystems":true},"in2DMode":false,"pivot":{"x":45.092926025390628,"y":1.7174419164657593,"z":49.61716079711914},"rotation":{"x":-0.2698953151702881,"y":0.6683094501495361,"z":-0.28556299209594729,"w":-0.6316428780555725},"size":2.8056962490081789,"orthographic":false}