{"cameraMode":{"drawMode":0,"name":"Shaded","section":"Shading Mode"},"sceneLighting":false,"audioPlay":false,"sceneViewState":{"showFog":true,"showMaterialUpdate":false,"showSkybox":true,"showFlares":true,"showImageEffects":true,"showParticleSystems":true},"in2DMode":false,"pivot":{"x":46.583290100097659,"y":1.8382068872451783,"z":46.11048126220703},"rotation":{"x":-0.2870357036590576,"y":0.10091481357812882,"z":-0.030423341318964959,"w":-0.9521035552024841},"size":6.143489360809326,"orthographic":false}