{"cameraMode":{"drawMode":0,"name":"Shaded","section":"Shading Mode"},"sceneLighting":true,"audioPlay":false,"sceneViewState":{"showFog":true,"showMaterialUpdate":false,"showSkybox":true,"showFlares":true,"showImageEffects":true,"showParticleSystems":true},"in2DMode":false,"pivot":{"x":49.83077621459961,"y":-1.6554760932922364,"z":46.35390853881836},"rotation":{"x":-0.29646697640419009,"y":0.19642196595668794,"z":-0.062445420771837237,"w":-0.9325376152992249},"size":69.21910858154297,"orthographic":false}