{"cameraMode":{"drawMode":0,"name":"Shaded","section":"Shading Mode"},"sceneLighting":false,"audioPlay":false,"sceneViewState":{"showFog":true,"showMaterialUpdate":false,"showSkybox":true,"showFlares":true,"showImageEffects":true,"showParticleSystems":true},"in2DMode":false,"pivot":{"x":23.448963165283204,"y":1.0592663288116456,"z":23.100000381469728},"rotation":{"x":-0.2870357036590576,"y":0.10091481357812882,"z":-0.030423341318964959,"w":-0.9521035552024841},"size":111.07547760009766,"orthographic":false}