{"cameraMode":{"drawMode":0,"name":"Shaded","section":"Shading Mode"},"sceneLighting":false,"audioPlay":false,"sceneViewState":{"showFog":true,"showMaterialUpdate":false,"showSkybox":true,"showFlares":true,"showImageEffects":true,"showParticleSystems":true},"in2DMode":false,"pivot":{"x":-3.509416103363037,"y":1.2605113983154297,"z":-5.492336750030518},"rotation":{"x":-0.2694881558418274,"y":0.33123621344566347,"z":-0.09931787103414536,"w":-0.8987740278244019},"size":7.7299113273620609,"orthographic":false}