{"cameraMode":{"drawMode":0,"name":"Shaded","section":"Shading Mode"},"sceneLighting":true,"audioPlay":false,"sceneViewState":{"showFog":true,"showMaterialUpdate":false,"showSkybox":true,"showFlares":true,"showImageEffects":true,"showParticleSystems":true},"in2DMode":false,"pivot":{"x":51.143951416015628,"y":2.393620491027832,"z":58.969085693359378},"rotation":{"x":-0.2694881558418274,"y":0.33123621344566347,"z":-0.09931787103414536,"w":-0.8987740278244019},"size":52.663238525390628,"orthographic":false}