{"cameraMode":{"drawMode":0,"name":"Shaded","section":"Shading Mode"},"sceneLighting":true,"audioPlay":false,"sceneViewState":{"showFog":true,"showMaterialUpdate":false,"showSkybox":true,"showFlares":true,"showImageEffects":true,"showParticleSystems":true},"in2DMode":false,"pivot":{"x":44.69234085083008,"y":0.5781633853912354,"z":52.128761291503909},"rotation":{"x":0.017864422872662545,"y":0.9765942096710205,"z":-0.19472427666187287,"w":0.08959459513425827},"size":6.00044059753418,"orthographic":false}