{"cameraMode":{"drawMode":0,"name":"Shaded","section":"Shading Mode"},"sceneLighting":false,"audioPlay":false,"sceneViewState":{"showFog":true,"showMaterialUpdate":false,"showSkybox":true,"showFlares":true,"showImageEffects":true,"showParticleSystems":true},"in2DMode":false,"pivot":{"x":-3.727877140045166,"y":1.2324179410934449,"z":-5.337701797485352},"rotation":{"x":-0.01687842234969139,"y":0.9574425220489502,"z":-0.28239011764526369,"w":-0.05722646042704582},"size":3.042174816131592,"orthographic":false}