{"cameraMode":{"drawMode":0,"name":"Shaded","section":"Shading Mode"},"sceneLighting":true,"audioPlay":false,"sceneViewState":{"showFog":true,"showMaterialUpdate":false,"showSkybox":true,"showFlares":true,"showImageEffects":true,"showParticleSystems":true},"in2DMode":false,"pivot":{"x":45.423954010009769,"y":3.080620765686035,"z":57.93208694458008},"rotation":{"x":-0.10440271347761154,"y":-0.24729998409748078,"z":0.026813041418790818,"w":-0.9629246592521668},"size":3.0245447158813478,"orthographic":false}