{"cameraMode":{"drawMode":0,"name":"Shaded","section":"Shading Mode"},"sceneLighting":false,"audioPlay":false,"sceneViewState":{"showFog":true,"showMaterialUpdate":false,"showSkybox":true,"showFlares":true,"showImageEffects":true,"showParticleSystems":true},"in2DMode":false,"pivot":{"x":47.599788665771487,"y":-0.04435208439826965,"z":46.14885330200195},"rotation":{"x":0.16045795381069184,"y":-0.5023030638694763,"z":0.09546268731355667,"w":0.8442936539649963},"size":0.945234477519989,"orthographic":false}