{"cameraMode":{"drawMode":0,"name":"Shaded","section":"Shading Mode"},"sceneLighting":false,"audioPlay":false,"sceneViewState":{"showFog":true,"showMaterialUpdate":false,"showSkybox":true,"showFlares":true,"showImageEffects":true,"showParticleSystems":true},"in2DMode":false,"pivot":{"x":45.589576721191409,"y":1.2605113983154297,"z":46.0},"rotation":{"x":-0.12050438672304154,"y":0.8631229996681213,"z":-0.24475035071372987,"w":-0.4249645173549652},"size":3.327138662338257,"orthographic":false}