{"cameraMode":{"drawMode":0,"name":"Shaded","section":"Shading Mode"},"sceneLighting":true,"audioPlay":false,"sceneViewState":{"showFog":true,"showMaterialUpdate":false,"showSkybox":true,"showFlares":true,"showImageEffects":true,"showParticleSystems":true},"in2DMode":false,"pivot":{"x":46.583290100097659,"y":1.7782068252563477,"z":46.11048126220703},"rotation":{"x":0.19357481598854066,"y":0.7544981241226196,"z":-0.25490716099739077,"w":0.572960615158081},"size":22.193449020385743,"orthographic":false}