{"cameraMode":{"drawMode":0,"name":"Shaded","section":"Shading Mode"},"sceneLighting":false,"audioPlay":false,"sceneViewState":{"showFog":true,"showMaterialUpdate":false,"showSkybox":true,"showFlares":true,"showImageEffects":true,"showParticleSystems":true},"in2DMode":false,"pivot":{"x":-9.640697479248047,"y":1.4628279209136963,"z":8.460000038146973},"rotation":{"x":-0.030965937301516534,"y":-0.9686446189880371,"z":0.1598004549741745,"w":-0.18770354986190797},"size":7.905585289001465,"orthographic":false}