{"cameraMode":{"drawMode":0,"name":"Shaded","section":"Shading Mode"},"sceneLighting":true,"audioPlay":false,"sceneViewState":{"showFog":true,"showMaterialUpdate":false,"showSkybox":true,"showFlares":true,"showImageEffects":true,"showParticleSystems":true},"in2DMode":false,"pivot":{"x":50.83814239501953,"y":-8.590165138244629,"z":52.290462493896487},"rotation":{"x":0.28762149810791018,"y":0.3236139714717865,"z":-0.1039515882730484,"w":0.8954004049301148},"size":34.90143966674805,"orthographic":false}