{"cameraMode":{"drawMode":0,"name":"Shaded","section":"Shading Mode"},"sceneLighting":false,"audioPlay":false,"sceneViewState":{"showFog":true,"showMaterialUpdate":false,"showSkybox":true,"showFlares":true,"showImageEffects":true,"showParticleSystems":true},"in2DMode":false,"pivot":{"x":46.80881881713867,"y":0.05424372851848602,"z":45.94746780395508},"rotation":{"x":0.16045795381069184,"y":-0.5023030638694763,"z":0.09546268731355667,"w":0.8442936539649963},"size":0.39690881967544558,"orthographic":false}