{"cameraMode":{"drawMode":0,"name":"Shaded","section":"Shading Mode"},"sceneLighting":false,"audioPlay":false,"sceneViewState":{"showFog":true,"showMaterialUpdate":false,"showSkybox":true,"showFlares":true,"showImageEffects":true,"showParticleSystems":true},"in2DMode":false,"pivot":{"x":6.162750244140625,"y":0.8347420692443848,"z":2.5008373260498049},"rotation":{"x":-0.0397665873169899,"y":0.9514949917793274,"z":-0.27135205268859866,"w":-0.13944171369075776},"size":7.623997211456299,"orthographic":false}