{"cameraMode":{"drawMode":0,"name":"Shaded","section":"Shading Mode"},"sceneLighting":false,"audioPlay":false,"sceneViewState":{"showFog":true,"showMaterialUpdate":false,"showSkybox":true,"showFlares":true,"showImageEffects":true,"showParticleSystems":true},"in2DMode":false,"pivot":{"x":0.5730229020118713,"y":0.032998740673065189,"z":0.3760640621185303},"rotation":{"x":0.06347312033176422,"y":0.9100392460823059,"z":-0.15182410180568696,"w":0.3804593086242676},"size":3.605205535888672,"orthographic":false}