{"cameraMode":{"drawMode":0,"name":"Shaded","section":"Shading Mode"},"sceneLighting":false,"audioPlay":false,"sceneViewState":{"showFog":true,"showMaterialUpdate":false,"showSkybox":true,"showFlares":true,"showImageEffects":true,"showParticleSystems":true},"in2DMode":false,"pivot":{"x":0.07465392351150513,"y":0.009533494710922242,"z":0.07310077548027039},"rotation":{"x":0.0037752343341708185,"y":0.9962202906608582,"z":-0.059845052659511569,"w":0.06284504383802414},"size":0.908221423625946,"orthographic":false}