{"cameraMode":{"drawMode":0,"name":"Shaded","section":"Shading Mode"},"sceneLighting":false,"audioPlay":false,"sceneViewState":{"showFog":true,"showMaterialUpdate":false,"showSkybox":true,"showFlares":true,"showImageEffects":true,"showParticleSystems":true},"in2DMode":false,"pivot":{"x":55.942298889160159,"y":0.5807442665100098,"z":56.61455154418945},"rotation":{"x":-0.33113548159599306,"y":0.4544318616390228,"z":-0.18679670989513398,"w":-0.805573046207428},"size":0.2857854962348938,"orthographic":false}