{"cameraMode":{"drawMode":0,"name":"Shaded","section":"Shading Mode"},"sceneLighting":true,"audioPlay":false,"sceneViewState":{"showFog":true,"showMaterialUpdate":false,"showSkybox":true,"showFlares":true,"showImageEffects":true,"showParticleSystems":true},"in2DMode":false,"pivot":{"x":45.60655975341797,"y":0.7834960222244263,"z":47.38154220581055},"rotation":{"x":0.0037752343341708185,"y":0.9962202906608582,"z":-0.059845052659511569,"w":0.06284504383802414},"size":3.608224868774414,"orthographic":false}