{"cameraMode":{"drawMode":0,"name":"Shaded","section":"Shading Mode"},"sceneLighting":false,"audioPlay":false,"sceneViewState":{"showFog":true,"showMaterialUpdate":false,"showSkybox":true,"showFlares":true,"showImageEffects":true,"showParticleSystems":true},"in2DMode":false,"pivot":{"x":55.942298889160159,"y":0.5807442665100098,"z":56.61455154418945},"rotation":{"x":-0.19835877418518067,"y":-0.16175474226474763,"z":0.03321084752678871,"w":-0.9661191701889038},"size":0.2857854962348938,"orthographic":false}