{"cameraMode":{"drawMode":0,"name":"Shaded","section":"Shading Mode"},"sceneLighting":false,"audioPlay":false,"sceneViewState":{"showFog":true,"showMaterialUpdate":false,"showSkybox":true,"showFlares":true,"showImageEffects":true,"showParticleSystems":true},"in2DMode":false,"pivot":{"x":-0.9361978769302368,"y":-0.003443462774157524,"z":-0.06777983903884888},"rotation":{"x":0.0037752343341708185,"y":0.9962202906608582,"z":-0.059845052659511569,"w":0.06284504383802414},"size":1.3582531213760377,"orthographic":false}