{"cameraMode":{"drawMode":0,"name":"Shaded","section":"Shading Mode"},"sceneLighting":false,"audioPlay":false,"sceneViewState":{"showFog":true,"showMaterialUpdate":false,"showSkybox":true,"showFlares":true,"showImageEffects":true,"showParticleSystems":true},"in2DMode":false,"pivot":{"x":46.61994171142578,"y":1.3674240112304688,"z":51.50980758666992},"rotation":{"x":-0.21001392602920533,"y":-0.24989166855812074,"z":0.05561855062842369,"w":-0.9435861706733704},"size":5.228452205657959,"orthographic":false}