{"cameraMode":{"drawMode":0,"name":"Shaded","section":"Shading Mode"},"sceneLighting":false,"audioPlay":false,"sceneViewState":{"showFog":true,"showMaterialUpdate":false,"showSkybox":true,"showFlares":true,"showImageEffects":true,"showParticleSystems":true},"in2DMode":false,"pivot":{"x":44.721805572509769,"y":0.06411738693714142,"z":41.91643524169922},"rotation":{"x":0.20941707491874696,"y":0.7080322504043579,"z":-0.23448514938354493,"w":0.632338285446167},"size":1.8823292255401612,"orthographic":false}