{"cameraMode":{"drawMode":0,"name":"Shaded","section":"Shading Mode"},"sceneLighting":false,"audioPlay":false,"sceneViewState":{"showFog":true,"showMaterialUpdate":false,"showSkybox":true,"showFlares":true,"showImageEffects":true,"showParticleSystems":true},"in2DMode":false,"pivot":{"x":46.80881881713867,"y":0.05424372851848602,"z":45.94746780395508},"rotation":{"x":0.2737066447734833,"y":-0.2236071079969406,"z":0.06558675318956375,"w":0.9331575632095337},"size":1.5969088077545167,"orthographic":false}