{"cameraMode":{"drawMode":0,"name":"Shaded","section":"Shading Mode"},"sceneLighting":false,"audioPlay":false,"sceneViewState":{"showFog":true,"showMaterialUpdate":false,"showSkybox":true,"showFlares":true,"showImageEffects":true,"showParticleSystems":true},"in2DMode":false,"pivot":{"x":0.03923463821411133,"y":0.005306556820869446,"z":0.1859802007675171},"rotation":{"x":-0.04143202304840088,"y":0.923529326915741,"z":-0.1043376475572586,"w":-0.3667296767234802},"size":-0.2920723557472229,"orthographic":false}