{"cameraMode":{"drawMode":0,"name":"Shaded","section":"Shading Mode"},"sceneLighting":false,"audioPlay":false,"sceneViewState":{"showFog":true,"showMaterialUpdate":false,"showSkybox":true,"showFlares":true,"showImageEffects":true,"showParticleSystems":true},"in2DMode":false,"pivot":{"x":46.380149841308597,"y":1.7174419164657593,"z":49.61716079711914},"rotation":{"x":-0.14940358698368073,"y":0.021367186680436136,"z":-0.0032291708048433067,"w":-0.9885401129722595},"size":2.8056962490081789,"orthographic":false}