{"cameraMode":{"drawMode":0,"name":"Shaded","section":"Shading Mode"},"sceneLighting":false,"audioPlay":false,"sceneViewState":{"showFog":true,"showMaterialUpdate":false,"showSkybox":true,"showFlares":true,"showImageEffects":true,"showParticleSystems":true},"in2DMode":false,"pivot":{"x":11.641433715820313,"y":0.9796159267425537,"z":-2.200000047683716},"rotation":{"x":0.06280797719955445,"y":-0.9082433581352234,"z":0.386474609375,"w":0.14760321378707887},"size":0.35114115476608279,"orthographic":false}