{"cameraMode":{"drawMode":0,"name":"Shaded","section":"Shading Mode"},"sceneLighting":true,"audioPlay":false,"sceneViewState":{"showFog":true,"showMaterialUpdate":false,"showSkybox":true,"showFlares":true,"showImageEffects":true,"showParticleSystems":true},"in2DMode":false,"pivot":{"x":24.703332901000978,"y":-0.02536618709564209,"z":24.500118255615236},"rotation":{"x":-0.1119142547249794,"y":-0.07830876857042313,"z":0.008847294375300408,"w":-0.9905880689620972},"size":117.1652603149414,"orthographic":false}