{"cameraMode":{"drawMode":0,"name":"Shaded","section":"Shading Mode"},"sceneLighting":false,"audioPlay":false,"sceneViewState":{"showFog":true,"showMaterialUpdate":false,"showSkybox":true,"showFlares":true,"showImageEffects":true,"showParticleSystems":true},"in2DMode":false,"pivot":{"x":48.92597198486328,"y":1.807469367980957,"z":58.69720458984375},"rotation":{"x":-0.19835877418518067,"y":-0.16175474226474763,"z":0.03321084752678871,"w":-0.9661191701889038},"size":0.28578540682792666,"orthographic":false}