{"cameraMode":{"drawMode":0,"name":"Shaded","section":"Shading Mode"},"sceneLighting":false,"audioPlay":false,"sceneViewState":{"showFog":true,"showMaterialUpdate":false,"showSkybox":true,"showFlares":true,"showImageEffects":true,"showParticleSystems":true},"in2DMode":false,"pivot":{"x":45.092926025390628,"y":1.7174419164657593,"z":49.61716079711914},"rotation":{"x":-0.15870440006256104,"y":-0.17609170079231263,"z":0.02877928502857685,"w":-0.9710697531700134},"size":2.8056962490081789,"orthographic":false}